Rychnov nad Kněžnou	118	22.424602293608007
DoualaPays : CamerounAdresse	102	22.406178326732338
Bajaga i Instruktori	118	22.385818095638346
d'activité : Principaux	128	22.367493053820052
Feasa ar Éirinn	121	22.214224197726296
Séré de Rivières	109	22.15457802657505
Tiako I Madagasikara	134	22.149050193285223
African-Eurasian Migratory Waterbirds	145	22.103210375266972
Kw ` alaams	110	22.09419756064452
Ponts et Chaussées	106	22.084725134502357
Nlaka ` pamux	156	22.054136257428528
reductio ad absurdum	126	22.03878806945011
Waterbirds -LRB- AEWA	138	22.03544884028216
Urim and Thummim	129	22.003492351339446
Prawo i Sprawiedliwość	155	21.97371920052086
Spicks and Specks	147	21.973458208642853
Umkhonto we Sizwe	114	21.96087093457215
Bolliger & Mabillard	146	21.905495565201402
Tirreno -- Adriatico	115	21.88773432643835
Z'ha ` dum	107	21.848490327281823
Epistula ad Carpianum	177	21.837508978155025
ALUPEC or ALUPEK	156	21.75945023009664
first-come , first-served	102	21.73373710292902
Podge and Rodge	123	21.723800217922086
Breitkopf & Härtel	128	21.72329628666911
MEDAL OF HONOR	170	21.663540325425856
Jablonec nad Nisou	109	21.660342716428442
Pamantasan ng Lungsod	109	21.655318673321172
leaf-cutter , carder	163	21.653711179277835
Kōhaku Uta Gassen	163	21.634955623432006
L'incoronazione di Poppea	114	21.623412910932345
O157 : H7	157	21.606312334542547
ne'er - do-well	138	21.59148300226472
Seraikis , Pakhtuns	166	21.575964871928726
Obstetricians and Gynaecologists	112	21.5729062320911
on-again , off-again	157	21.520718946885797
Pama -- Nyungan	132	21.502248709188322
ecclesiastica gentis Anglorum	127	21.50063266763681
d'Etat \/ Staatsrat	110	21.47864784362176
comings and goings	124	21.47084974866081
EnergySolutions Arena19 ,911	139	21.43024899714775
Chatto & Windus	104	21.42555368983686
Higurashi no Naku	124	21.423712562013197
Nakło nad Notecią	112	21.419098375771068
winkles or periwinkles	226	21.407330038542046
Pazz & Jop	225	21.407241184860343
bloodworm family Chironomidae	116	21.388391726132994
primus inter pares	147	21.31728229047753
Pakhtuns , Balochis	150	21.293238638989383
Gro Harlem Brundtland	103	21.290790711210807
Lyonnaise des Eaux	105	21.28660916249469
Zine El Abidine	129	21.27732833921399
Shakugan no Shana	108	21.266000195670244
Izz ad-Din al-Qassam	118	21.259517346806927
Zagorje ob Savi	102	21.24988024323462
Lebor Gabála Érenn	174	21.239127160398755
Sabra and Shatila	114	21.232280605798653
Bjorke of Roughstock	110	21.221098785422722
Juiz de Fora	148	21.218295143689538
Kwakwaka ` wakw	284	21.21507973266307
Luchas de Apuestas	155	21.20537370247333
REB = Rebounds	170	21.19209481578772
Zermelo -- Fraenkel	119	21.186833614794992
Culhwch and Olwen	110	21.1851653121259
Síl nÁedo Sláine	164	21.184676219753268
Appellation d'Origine Contrôlée	164	21.140491149744456
Balochis , Memons	147	21.13959327679165
nicotinamide adenine dinucleotide	113	21.13811061729534
Mindless Self Indulgence	119	21.1350585408933
forza del destino	248	21.124705709920033
尚書省 , Shangshu	139	21.116211108830964
Memons , Bohras	151	21.10655239647924
Crioulo , ALUPEC	140	21.06700605505207
Wisin & Yandel	235	21.058616190063113
Ritterkreuz des Eisernen	231	21.045132857211183
White-eye -LRB- Zosterops	102	21.040056758666015
Kashmiris , Seraikis	157	21.02668078828048
Thich Nhat Hanh	130	21.007452305148686
Plutarco Elías Calles	115	20.997777303543423
Pingzhangshi -LRB- 同中書門下平章事	241	20.9957164234751
ip sur lociterres	289	20.98314354587027
Trophée Eric Bompard	161	20.972263852725696
Bonzo Dog Doo-Dah	107	20.97160716938942
Steals ; BLK	156	20.961585951181487
Médecins Sans Frontières	206	20.959973910883875
Teatre del Liceu	117	20.942138433508642
barbiere di Siviglia	233	20.93897479549213
Osservatorio San Vittore	132	20.924487498466398
Kvaran aka Carptrash	185	20.892217612635736
deus ex machina	215	20.891262105585632
Estrela da Amadora	143	20.891024964369493
Teilhard de Chardin	167	20.888569248287368
Doddamani , Gajendragad	241	20.886351497006736
Susilo Bambang Yudhoyono	217	20.871622953365833
Brière de l'Isle	136	20.865016356343236
Droits de l'Homme	101	20.864583673036194
門下省 , Menxia	133	20.85302079539438
Figueira da Foz	112	20.85223653949241
Bausch & Lomb	217	20.84876606971908
Noli Me Tangere	107	20.842867487180644
ter ` angreal	108	20.842007866887837
ménage à trois	143	20.83313151531311
pratique des hautes	101	20.820399541166697
Appellation d'origine contrôlée	195	20.80614111177339
Rosencrantz and Guildenstern	217	20.79753480552945
Muséum national d'histoire	151	20.77618640373166
Anabel Medina Garrigues	222	20.757248840264136
ballo in maschera	347	20.756852570005925
Pelléas et Mélisande	247	20.731473301087807
Bohras , Ismailis	122	20.728128087762727
Ordo Templi Orientis	137	20.726982022520414
Guelphs and Ghibellines	111	20.719243097469878
Orenstein & Koppel	114	20.7187002032883
Žďár nad Sázavou	356	20.700577498620007
Lerdo de Tejada	103	20.68099888975517
Hartree -- Fock	166	20.664579687643513
Coopers & Lybrand	116	20.661548380476123
boardings -LRB- enplanements	113	20.65675820026885
Badenoch and Strathspey	103	20.64375726603735
Corrosion of Conformity	134	20.641068435185154
fille du régiment	111	20.635551988340712
Haberdashers ' Aske	182	20.635143512404916
ovulids , cowry	234	20.619014065617495
Havant & Waterlooville	169	20.610368619168565
Torpedoed & Sunk	102	20.600806626275084
Verano de Escandalo	105	20.60034858986297
Hopkirk -LRB- Deceased	174	20.576216271660737
Critérium du Dauphiné	118	20.57459050322045
Ramzi bin al-Shibh	103	20.56600083127502
Orfeo ed Euridice	187	20.565958758314842
dicks @ pussies	441	20.55217073229021
Zalman of Liadi	108	20.54994354027836
JEF United Ichihara	322	20.548219235081906
Ngô Sĩ Liên	112	20.542423367287824
Seongnam Ilhwa Chunma	216	20.538867064648276
Tuatha Dé Danann	286	20.522938837247263
Ferrovie dello Stato	164	20.518480251008285
Aquariums -LRB- AZA	145	20.5076415899928
Scarabaeidae or scarab	173	20.502527524423932
Startin ' Somethin'	105	20.490628846841872
Synaxarion , Menologion	137	20.49019010100064
Amway Arena17 ,461	146	20.48984474785869
Angra do Heroísmo	164	20.48155817989547
Yup ` ik	255	20.477390194240876
Choy Li Fut	151	20.472287601772553
Kiri Te Kanawa	167	20.465940531046098
Nuria Llagostera Vives	129	20.465652925221793
Sistan and Baluchestan	137	20.44014705966036
Spišská Nová Ves	114	20.439975419596646
Gotthold Ephraim Lessing	105	20.430333235167193
Rowman & Littlefield	117	20.42875018763939
Gajendragad \/ Hubli	214	20.41580872099548
Bhaktivedanta Swami Prabhupada	178	20.415708266835175
R32 , R16	103	20.410093688494257
tanar ` ri	207	20.409706484195592
WEED WEED WEED	510	20.40503495521224
Arantxa Sánchez Vicario	290	20.401719271256198
Trentino-Alto Adige\/S üdtirol	510	20.393974380938932
wattle and daub	204	20.388986032364304
al-Ma ` mun	174	20.360878354948472
Così fan tutte	394	20.36001583464524
Zora Neale Hurston	180	20.356085437376215
Iditarod Trail Sled	106	20.354663008561655
0px 5px 0px	123	20.341440244375534
Asesoría y Administración	492	20.296669941320133
Ladysmith Black Mambazo	228	20.292075448907394
Léopold Sédar Senghor	120	20.286718059175595
Quicken Loans Arena20	209	20.2818490072176
Hänsel und Gretel	148	20.2758426889482
Kaposi 's sarcoma	122	20.271813942372727
Atal Bihari Vajpayee	271	20.271604540045836
ICRM , IDA	106	20.262721839990995
Timon and Pumbaa	104	20.261763797843177
miters or miter	298	20.261498202197124
Strathmore and Kinghorne	170	20.2587392495481
Seleucus I Nicator	106	20.253184655228047
Maggio Musicale Fiorentino	134	20.230802974551374
Zoos and Aquariums	335	20.22762086085146
PLACE OF BIRTH	101	20.22438300259531
DATE OF BIRTH	109	20.224274433814188
Sindhis , Kashmiris	153	20.21366662142322
Nd : YAG	198	20.191085003689746
3B = Triples	110	20.1862913753401
Caldas da Rainha	139	20.182754969651718
Jak and Daxter	127	20.18264383009844
blah blah blah	453	20.177845262714772
3R Ext. 2R	148	20.176860297419363
中書省 , Zhongshu	159	20.17148612458261
Clann na Poblachta	146	20.16314553680574
Sacco and Vanzetti	229	20.155654065027807
Hannity & Colmes	105	20.14499697204533
Cavelier , Sieur	105	20.139767643420146
Kander and Ebb	105	20.136320066102858
Seki at Geisei	139	20.134770405252024
3R Ext. 1R	113	20.13138548745036
STL = Steals	168	20.130664566338016
Al-Ma ` mun	114	20.130410215764105
Mobutu Sese Seko	195	20.122987159842463
Valérian and Laureline	155	20.120778788763413
Valéry Giscard d'Estaing	260	20.115492918237678
Recep Tayyip Erdoğan	231	20.10360476131783
Hồ Quý Ly	107	20.103368672714875
Intercept -LRB- GCI	144	20.10245033261805
Cumann na nGaedheal	402	20.095316132817697
hustle and bustle	150	20.091224228115156
Vrije Universiteit Brussel	188	20.085318693898902
Cabeza de Vaca	212	20.08306576402278
Suwon Samsung Bluewings	220	20.079230363691497
Acis and Galatea	113	20.078508679430872
Gimnasia y Esgrima	417	20.078410325567596
Gewog -LRB- Dzongkha	183	20.072272515260725
Territoire de Belfort	157	20.051474239192864
Auld Lang Syne	202	20.043780696143592
Starsky & Hutch	101	20.041333421737992
Ulsan Hyundai Horang-i	102	20.038940786655253
lectionary -LRB- Evangelistarium	151	20.031240402592147
Pratique des Hautes	108	20.028026754287993
Dazed & Confused	181	20.02428643100594
Bodø \/ Glimt	304	20.021381030749676
Loans Arena20 ,562	203	20.00908118984244
Bodega y Quadra	144	20.008071045354647
Muhajirs , Punjabis	153	20.004007015932785
E.T. the Extra-Terrestrial	245	19.99806605342431
Michiel de Ruyter	110	19.993805905726322
Inscriptions et Belles-Lettres	131	19.99168319846867
Mengistu Haile Mariam	116	19.990939701910598
Dolce & Gabbana	369	19.989852090723875
ulidiid or picture-winged	676	19.9857224341696
tai chi chuan	184	19.973996350064635
Zhongshu Menxia Pingzhangshi	312	19.97336088361576
Spirou et Fantasio	157	19.971555330181552
Foras Feasa ar	132	19.96708386007455
CamerounAdresse : B.P.	126	19.957928923868653
Josquin des Prez	178	19.956250972666904
Starsky and Hutch	229	19.955814794768948
Borngen at Tautenburg	254	19.936934182577275
Cascading Style Sheets	126	19.935861809682535
Jamia Millia Islamia	143	19.93464612076229
Mork & Mindy	108	19.933033740093556
Prefix : 00Trunk	156	19.928238617077024
Emilie de Ravin	115	19.92811254251765
Gog and Magog	158	19.91208071052956
Fueled by Ramen	152	19.909474274852556
Dazed and Confused	200	19.90533097891343
Meistersinger von Nürnberg	270	19.90387929883447
Kategorija : Wužywaŕ	164	19.89701694746287
Recreativo de Huelva	246	19.895795482434455
Ascended Master Teachings	196	19.893461347371932
10px 10px 10px	204	19.889890946538497
Gent -- Wevelgem	104	19.888001117894525
Deloitte & Touche	133	19.885970174302283
Frau ohne Schatten	113	19.884614680415517
Ruud van Nistelrooy	193	19.88353743257433
Gorizia and Gradisca	103	19.874383623462048
Póvoa de Varzim	515	19.856433326315187
WIPO , WMO	121	19.851554288538303
Allo ` Allo	175	19.84502217274317
+0 +0 +0	170	19.83197804703967
Obstetrics and Gynecology	240	19.831676234169205
Sogn og Fjordane	658	19.831452655525023
chansons de geste	113	19.831305959173545
Itchy & Scratchy	278	19.826125640288446
Cocos -LRB- Keeling	182	19.809948266920323
hiragana or katakana	128	19.805754813828184
Waldeck and Pyrmont	192	19.802386064678785
Gimnàstic de Tarragona	158	19.80022162461004
Yau Ma Tei	193	19.800177546008253
Freaks and Geeks	168	19.79274635691973
Obstetrics and Gynaecology	142	19.783553949364286
Beavis and Butt-head	383	19.783233444301736
Hansel and Gretel	304	19.774052282770803
Gastropoda by Bouchet	429	19.772707781720353
FFFFCC ; font-weight	234	19.772491608685787
Beavis and Butthead	103	19.757162324036997
Pearls Before Swine	150	19.749777899900852
Alcalá de Henares	256	19.747855995199924
Caufield & Byers	109	19.735318501581695
Ferro Carril Oeste	170	19.732305077750425
Sodom and Gomorrah	245	19.732237675054765
Lytham St Annes	110	19.728354065153162
Rags to Riches	105	19.727109997054477
Rebounds ; AST	137	19.723732384135662
Whitchurch -- Stouffville	115	19.71713180278686
1px # aaa	223	19.71048753378615
Bouchet & Rocroi	653	19.708644339319765
Apollonius of Tyana	107	19.701477824093967
Auf der Maur	252	19.683639162482745
Consiglio di Stato	185	19.6830466316573
Taira no Kiyomori	112	19.679653228091475
Jem ` Hadar	266	19.673768741469107
Cumann na mBan	103	19.670843813681294
Beroe Stara Zagora	114	19.666257918373702
Denominación de Origen	166	19.660782003135424
Cahiers du cinéma	122	19.65749547226391
Dalziel and Pascoe	181	19.655836019302978
Ngô Đình Diệm	115	19.646190959332174
Realignment and Closure	518	19.646124781342344
Dexys Midnight Runners	136	19.642718729591344
BLK = Blocks	171	19.639706272640645
Puddle of Mudd	178	19.639257503396223
C.F. Os Belenenses	147	19.631517578347427
Cyrano de Bergerac	398	19.62602338864477
Troilus and Cressida	237	19.617111408601165
Rashtriya Swayamsevak Sangh	229	19.607664771493788
5px 0px 5px	123	19.606861243046204
Bahr el Ghazal	185	19.604632088027827
Jagged Little Pill	154	19.596865550697146
Punjabis , Sindhis	171	19.594075288118738
Daman and Diu	191	19.592249216970764
Itchy and Scratchy	114	19.586148699597683
Westcott and Hort	108	19.58507783924509
Hildegard of Bingen	104	19.576042217149197
yin and yang	261	19.574521388399337
Corriere della Sera	322	19.553291051120027
Mahendra Singh Dhoni	124	19.548979604150126
Ronde van Vlaanderen	181	19.542619859356385
Møre og Romsdal	796	19.5332132568725
Metra 's zone-based	179	19.52637501005102
Armin van Buuren	221	19.52560580668549
Lilo & Stitch	194	19.523609311126506
Duque de Caxias	167	19.51804840715384
d'Administration -LRB- PCA	132	19.512915385174583
Gonville and Caius	434	19.512170854931203
aan den Rijn	145	19.505198964455275
Curb Your Enthusiasm	417	19.50470481757421
Armin Van Buuren	108	19.504229399183725
Austronesian Basic Vocabulary	101	19.50173881435355
SpVgg Greuther Fürth	146	19.499840581828312
OTL = Overtime	530	19.499798255827304
Yar ` Adua	392	19.495286950990593
aus dem Serail	190	19.489125754029022
white-space : nowrap	141	19.481043515327578
Thurn und Taxis	146	19.477091861605015
Asif Ali Zardari	256	19.469572428214306
Explosive Ordnance Disposal	207	19.46585871172487
Thoroughly Modern Millie	155	19.463132880250843
Việt sử ký	107	19.457698605212887
Cricketers ' Almanack	285	19.455055073754146
Jardin des Plantes	195	19.45477063879366
Gravesend & Northfleet	135	19.447398336957956
l'Arc de Triomphe	474	19.43944147068819
Viana do Castelo	132	19.43323922953608
catholique de Louvain	115	19.426008691883478
Fiorello H. LaGuardia	139	19.424043697611722
Hana Yori Dango	106	19.422500620149798
Đại Việt sử	150	19.418078102870528
Upstairs , Downstairs	300	19.414876730306265
Tsim Sha Tsui	489	19.41322790174631
Thurn and Taxis	462	19.412448101893506
Cinquemani of Slant	149	19.408698135185638
Coahuila y Tejas	109	19.406799913391158
Justus von Liebig	134	19.403701041733278
Pour le Mérite	294	19.40072157907738
Brea Tar Pits	114	19.400388035215023
Footballers + Expats	125	19.398995380692273
Sturm und Drang	166	19.388655041159915
R16 , QF	114	19.387562618121276
xx xx xx	163	19.385463761512792
Rorke 's Drift	196	19.380713579162602
Rhondda Cynon Taf	239	19.379642617109365
IFC , IFRCS	117	19.37905371608727
Manic Street Preachers	535	19.377626254853382
Grosset & Dunlap	309	19.376491674123738
Strapping Young Lad	256	19.365314828964944
Coheed and Cambria	327	19.359448537706058
Ratu Sir Kamisese	125	19.356828421717587
codeAirports by ICAO	101	19.352430345460057
Flock of Seagulls	123	19.350275305143587
dexter -LRB- armsbearer	115	19.34970564999746
Luiz Felipe Scolari	122	19.344816306779784
Chek Lap Kok	122	19.334780023982614
União de Leiria	101	19.326092450685152
Tok ` ra	132	19.323716270842116
Franconia -LRB- Unterfranken	109	19.31844160981571
obstetrics and gynecology	188	19.317385573425913
Sekolah Menengah Kebangsaan	176	19.31354852662398
Babes in Toyland	237	19.31168754862462
Entführung aus dem	184	19.307744495366684
Shrew -LRB- Crocidura	179	19.305215848378616
Novices ' Hurdle	117	19.299880488816093
Hodder & Stoughton	210	19.29949526172205
Fútbol Profesional Boliviano	114	19.297373608156857
obstetrics and gynaecology	121	19.294421969189674
Ceuta and Melilla	131	19.2940039341235
Screaming Lord Sutch	149	19.28943269378686
chanson de geste	107	19.279142437602804
Goren and Eames	240	19.26725532921516
Ngau Tau Kok	125	19.263898937157478
تصنيف : وفيات	231	19.263264191587197
Dirge of Cerberus	127	19.256651943592885
تصنيف : مواليد	193	19.25580838666815
Gerd von Rundstedt	133	19.25543863430993
Bal Gangadhar Tilak	153	19.252466279392205
Einar Einarsson Kvaran	409	19.251017562077717
Longer & Uncut	116	19.249982365427904
Ratchet & Clank	279	19.248394639017526
Socialista Obrero Español	213	19.245902829473515
Bisexual , Transgender	455	19.231614038765922
Akademie der Wissenschaften	171	19.229587284896088
mbar -LRB- hPa	420	19.21815179284081
Param Vir Chakra	163	19.210379457987692
Jawahar Navodaya Vidyalaya	109	19.20239154750859
Mahindra & Mahindra	125	19.19974597155541
Boosey & Hawkes	199	19.19687600189027
Ústí nad Labem	832	19.19459810163229
Sentral ng Pilipinas	137	19.186923652476754
Algernon Charles Swinburne	171	19.18401211529863
Straus and Giroux	161	19.18154128084342
Ninette de Valois	101	19.181046869678216
Trần Thủ Độ	133	19.180509451106307
Hamdan v. Rumsfeld	101	19.17710632464255
Isambard Kingdom Brunel	423	19.17436835784241
Krylia Sovetov Samara	124	19.173582537698437
Lucha de Apuesta	246	19.171610342819694
Semifinal 1 Semifinal	110	19.169775150854747
Mentioned in Despatches	427	19.169518199764436
F-102 Delta Dagger	128	19.161710962692943
Aung San Suu	407	19.161703794557653
Bandar Seri Begawan	169	19.15941734859783
618 -- 907	169	19.15493003745354
Blohm & Voss	284	19.152725431018563
Armée de l'Air	250	19.152414337346414
Baal Shem Tov	383	19.150061253438114
Blohm + Voss	104	19.147784564197334
nowiki \/ nowiki	219	19.143835788459302
positron emission tomography	222	19.142260146976465
Menachem Mendel Schneerson	199	19.140340609088543
IFAD , IFC	115	19.135437821689482
Posts and Telegraphs	123	19.134237398373095
Allergy and Infectious	108	19.131159066326266
Sto : lo	107	19.127406932442536
Najib Tun Razak	183	19.125483987364845
Chukotka Autonomous Okrug	177	19.12421215445116
Cassini -- Huygens	102	19.12171482096739
Roméo et Juliette	250	19.117438806141475
amyotrophic lateral sclerosis	298	19.110096094581042
pros and cons	354	19.105851127481454
Radboud University Nijmegen	107	19.105682543307704
Phineas and Ferb	506	19.103778035062014
Sanjay Leela Bhansali	111	19.094573275174042
Det Norske Teatret	114	19.091183702304257
Closure -LRB- BRAC	158	19.0875214514416
Zayed Al Nahyan	211	19.079369258359552
Ripon College Cuddesdon	105	19.076603358275683
Nakhon Si Thammarat	325	19.076056278614928
Autodromo Nazionale Monza	108	19.07518050495629
motte and bailey	437	19.072832593435713
Gracias a Dios	110	19.072722008889382
Kenesaw Mountain Landis	159	19.07226967605929
Ol' Dirty Bastard	230	19.07111912314972
Abdu ` l-Bahá	1011	19.068663285875193
Ústí nad Orlicí	154	19.065328362231917
FIL European Luge	418	19.063615584286257
Chemins de Fer	228	19.063441296851686
Internazionali BNL d'Italia	175	19.059189192986317
Mull of Kintyre	129	19.0589154279195
Gifted and Talented	203	19.051371884481608
Wolfram von Eschenbach	102	19.03745004173383
Skidmore , Owings	404	19.03712834956147
roman à clef	168	19.036426277116743
FIL World Luge	494	19.035641854795394
Saxe-Coburg and Gotha	537	19.02472794169628
Bolesław III Wrymouth	101	19.02419970115691
Kaneda in Kushiro	206	19.02379620452764
Jaguares de Chiapas	115	19.02178520107872
Gian Carlo Menotti	242	19.01991036077139
Ariadne auf Naxos	266	19.015480124526484
Eskimo -- Aleut	101	19.012082655385257
Asterix and Obelix	171	19.008847260406185
Rainer Werner Fassbinder	211	18.99980466041204
Dagenham & Redbridge	485	18.99832060007626
Guerra de Titanes	150	18.995721656445067
Hodder and Stoughton	163	18.994999093305395
Celta de Vigo	348	18.989117635931198
Paco de Lucía	143	18.987356759357834
Dravida Munnetra Kazhagam	1043	18.986738452117574
Scotty 2 Hotty	104	18.985099507135615
年出世arz : تصنيف	147	18.973732192047954
年過世arz : تصنيف	197	18.973732192047954
Hide and Seek	163	18.965929297894778
Saatchi & Saatchi	264	18.965521427011208
Pew Charitable Trusts	105	18.964857542680353
TI-99 \/ 4A	107	18.96257842164111
Hana to Yume	176	18.95938999647627
Tome and Principe	138	18.956897889561375
Softly , Softly	179	18.947537490166916
Mundial de Lucha	511	18.947149544536547
Ortega y Gasset	158	18.941584365554064
numerator and denominator	116	18.93860477961516
Gian Lorenzo Bernini	180	18.93698766066339
Rainer Maria Rilke	228	18.934584358084283
Redistribution of Seats	429	18.927307678651758
Bannockburn in 1314	105	18.926151281739113
Hon ' ble	118	18.92152632753583
seabird and wader	101	18.91722337892689
Tables , Ladders	186	18.904205992437863
Antiochus IV Epiphanes	126	18.901231187625342
Supraphon , SU	182	18.88900643489621
Hon ` ble	182	18.888234958496334
Honoré de Balzac	300	18.88823147680147
Influenced and Corrupt	216	18.887166092939108
contrôlée -LRB- AOC	175	18.881117179124548
Leiber and Stoller	117	18.878865148009325
Namor the Sub-Mariner	114	18.875583405730374
Dun & Bradstreet	150	18.87507637972426
Contrôlée -LRB- AOC	110	18.875049769779057
Pico della Mirandola	126	18.87152204063239
Pitch and Putt	170	18.862494711760814
ADO Den Haag	310	18.862384735370473
Paços de Ferreira	219	18.861644097980555
Aly & AJ	114	18.861155081626684
Golders Green Crematorium	123	18.85748025033771
Dien Bien Phu	427	18.857214412303126
tropics and subtropics	127	18.855888491605334
IBRD , ICAO	125	18.85336685472856
Shimmer Women Athletes	107	18.8520416846436
Andaman and Nicobar	438	18.85191170333691
Wijk aan Zee	125	18.851703546524252
age-related macular degeneration	107	18.848978800114864
Mas ` ud	312	18.84694782405385
Staples Center18 ,997	284	18.846496410710564
Tuberculosis and Malaria	110	18.844585573031598
Shoppers Drug Mart	130	18.836938250382676
Neon Genesis Evangelion	346	18.8366876553106
Covington & Burling	123	18.83478235129422
Weights and Measures	324	18.826340874072645
Katholieke Universiteit Leuven	266	18.823214249542172
Urbana -- Champaign	153	18.821878707807187
Restricted Service Licence	122	18.820147757938656
Bisexual and Transgender	104	18.815267806810773
Zsa Zsa Gabor	144	18.80764853704337
Stiff Little Fingers	185	18.802213632084072
● ● ●	190	18.795477768518484
Cab for Cutie	393	18.79434058635761
Molotov -- Ribbentrop	197	18.79344059310442
non-Hodgkin 's lymphoma	145	18.792982107731937
527 -- 565	102	18.792247277943957
dsb : Kategorija	676	18.78945687178674
Ratchet and Clank	140	18.788592866580526
Helmuth von Moltke	101	18.788377037205333
Promises , Promises	125	18.78683549003364
Castor and Pollux	227	18.78470996169578
Adıyaman , Adıyaman	111	18.777772661686203
年arz : تصنيف	487	18.775947009941365
Tachi Palace Fights	112	18.77121657607121
Swallows and Amazons	119	18.76233370664522
Tomé and Príncipe	890	18.749844453173466
Iglesia ni Cristo	194	18.748732803688327
Vitória de Setúbal	209	18.748487886518316
Mochis , Sinaloa	102	18.747884415012145
Traumatic Stress Disorder	112	18.741164070547672
McMurdo Dry Valleys	140	18.7384169298749
waxed and waned	113	18.73779094762522
Chemin de Fer	283	18.73246783567298
obstructive sleep apnea	138	18.725004540303114
Moo Duk Kwan	118	18.71985868758693
Conciliation and Arbitration	111	18.71920257319933
Nozze di Figaro	127	18.711626340200993
Nitty Gritty Dirt	239	18.70796065233633
Shī ` ah	151	18.706549452693718
Luiz Inácio Lula	281	18.704214335060968
Porgy and Bess	504	18.703242029245416
Magical Girl Lyrical	144	18.70253570941181
Académica de Coimbra	236	18.699796190721887
Sangeet Natak Akademi	410	18.699016685751523
Gödel 's incompleteness	133	18.697339112158573
Minamoto no Yoritomo	191	18.696200250477673
Ren & Stimpy	181	18.686708929935964
Yeah Yeah Yeahs	315	18.685188556918103
nozze di Figaro	344	18.68310001753548
Romulus and Remus	203	18.6830258858164
Firearms and Explosives	184	18.67944715838661
Boucher and McComas	126	18.675775102752223
Mott the Hoople	232	18.673472553996987
Graz ` zt	181	18.66494046723106
Naku Koro ni	175	18.662233420075392
Ang Mo Kio	376	18.659407235540435
Pontificia Universidad Católica	115	18.65191459415165
mwl : Catadorie	694	18.6509388107842
Éamon de Valera	689	18.638187487264116
Scuderia Toro Rosso	126	18.63483836331356
Quintus Caecilius Metellus	155	18.63012170895572
Yo La Tengo	299	18.62961481943336
Sangre de Cristo	226	18.625623708084046
DHC-6 Twin Otter	124	18.625044961817537
Razor & Tie	129	18.624690573924468
Accademia dei Lincei	138	18.6234096377777
sine and cosine	135	18.62149269513409
Agustín de Iturbide	182	18.61717252888448
Hispanics or Latinos	203	18.61653927837364
Chemins de fer	137	18.611335148560013
Mayors Against Illegal	118	18.61119078581491
RuPaul 's Drag	110	18.60781896098023
Fiorello La Guardia	145	18.603675469443115
Witches of Eastwick	102	18.59698018470956
F-100 Super Sabre	213	18.596933559734254
8888aa ; padding	112	18.59408357483528
Luís de Camões	112	18.592156850559146
Akademie der Künste	176	18.591216895283463
high-fructose corn syrup	107	18.590376155893253
Occam 's razor	147	18.58884394883136
Ab urbe condita	1059	18.581794110487717
Nico Nico Douga	172	18.58089785493864
Babyface '' Edmonds	109	18.578717218396516
arable or cultivable	101	18.578242693879243
PIM = Penalties	416	18.578163543174167
Saint-Pierre and Miquelon	112	18.57339020537705
quid pro quo	223	18.566041981995824
Boot Camp Clik	103	18.562416210443462
Insane Clown Posse	693	18.560473982669258
Shiromani Akali Dal	238	18.558905257202277
Cartagena de Indias	255	18.556852143322637
Bharatiya Vidya Bhavan	112	18.54859916637506
Judea and Samaria	138	18.546983636356348
Giro di Lombardia	161	18.545560559850436
Vitória de Guimarães	214	18.544898530815914
Marcia Gay Harden	114	18.542032911496896
Frankfurter Allgemeine Zeitung	217	18.53868817483829
Magician 's Nephew	117	18.538206938831294
widows or widowers	816	18.538025175217662
mixed-species feeding flock	123	18.53641875051808
Sense and Sensibility	221	18.523449657752803
Refugees -LRB- UNHCR	192	18.52070223706924
Epiphanius of Salamis	101	18.52006304527019
Ogilvy & Mather	184	18.516576945318903
Tooth & Nail	435	18.51593668496232
Muhal Richard Abrams	120	18.514086562304854
tibia and fibula	126	18.513528225772163
Universitario de Deportes	244	18.51067930872476
Rayo de Jalisco	134	18.507999816224928
CHNO -LRB- molar	174	18.507746697835138
Hidalgo y Costilla	148	18.506476876866337
FEI World Equestrian	117	18.503614594675373
nudibranch , shell-less	138	18.502854723035924
Chittagong Hill Tracts	205	18.500878110275313
Townes Van Zandt	212	18.49961947420122
calyx of sepal	112	18.49021658174938
Manzanillo , Colima	101	18.48971132644302
sucht den Superstar	131	18.487292873488194
pas de deux	266	18.486355572935388
Ren and Stimpy	232	18.476778905073633
skiers and snowboarders	107	18.475412152535057
Declassified School Survival	113	18.472700014423083
Aesop 's Fables	214	18.471597741378115
Carole Bayer Sager	108	18.471533396178398
Cirque du Soleil	700	18.470888218245822
Grapes of Wrath	383	18.46734175713784
Jeeves and Wooster	120	18.46246028261604
inbound and outbound	156	18.459627510436235
TSV 1860 München	191	18.45735448073717
Pledge of Allegiance	264	18.45727143533368
Pos = Position	404	18.45591728333539
border-top : 1px	127	18.451732397863186
Telford and Wrekin	138	18.447754809155825
Perros del Mal	265	18.443754126316733
Cheech & Chong	112	18.443220868500827
Władysław II Jagiełło	108	18.443150663186085
Lac qui Parle	103	18.442924005206837
Kazhagam -LRB- DMK	143	18.44235736646947
Funniest Home Videos	181	18.438794277509793
960 -- 1279	140	18.436056049843646
Dido and Aeneas	183	18.432521320379518
Generalitat de Catalunya	247	18.432107494100542
Rohm and Haas	108	18.431381527632112
taluka in Ahmednagar	109	18.431331580179172
Sappers and Miners	113	18.431064102724154
Assists ; Pts	698	18.43041028966411
Tierra del Fuego	895	18.423680503096467
bobsleigh , luge	133	18.420852587544953
ne change pas	104	18.414279915038588
Boatswain 's Mate	249	18.411296134792508
Darryl F. Zanuck	217	18.408712992339527
fillies and mares	175	18.40829274124157
Outline of Ascomycota	124	18.405377869966348
Pok Fu Lam	105	18.398829805543002
Winnie the Pooh	597	18.395435266811784
Cam ` ron	292	18.393854264875966
Cherno More Varna	144	18.39351164892731
Vittorio De Sica	199	18.39216173469094
Dumas , père	231	18.39178275428316
Armistice of Mudros	124	18.389350766433164
ins and outs	126	18.38851275788412
Robots in Disguise	155	18.387284906189198
Dionysius of Halicarnassus	185	18.385832431213657
bjn : Kategori	110	18.381665199212
lociterres ip sur	289	18.381401283590794
Pratchett 's Discworld	115	18.380345994385323
Metcard ticket vending	106	18.38021225871544
Connah 's Quay	207	18.379870283668147
Historia ecclesiastica gentis	128	18.376069681722576
Stanisław August Poniatowski	287	18.374757038544423
1em 1em 1em	126	18.37020756575613
Willoughby de Eresby	169	18.369237243896052
Lega Pro Seconda	434	18.365460643032787
Maharishi Mahesh Yogi	261	18.36535237022268
Andronikos II Palaiologos	113	18.36196920135976
Cloak and Dagger	137	18.361416204946977
PIM = Penalty	521	18.361086779687074
Pays de Caux	509	18.359492223494595
city-owned , public-use	113	18.34857116972184
Zulfikar Ali Bhutto	474	18.348246693588578
Shaggy and Scooby	104	18.344375745074412
Gulliver 's Travels	423	18.343378184647086
Sher Shah Suri	358	18.342817761761687
Armand Van Helden	122	18.34246593557474
Melzer 's reagent	116	18.341823873340847
sur lociterres ip	289	18.341771703755047
Gamal Abdel Nasser	490	18.338288026090044
Bradshaw '' Layfield	199	18.338040447779413
Bigger , Longer	148	18.337152873965543
F\/A -18 E\/F	139	18.33596963256776
Cradle of Filth	352	18.334407423750143
Kategoria : Umarći	132	18.3324706915297
Kategoria : Rodzyńi	180	18.3324706915297
төрөөбүттэрszl : Kategoria	115	18.33214158473536
Rann of Kutch	183	18.326478061795857
Córas Iompair Éireann	105	18.324713235188693
Puss in Boots	181	18.324282748045956
Ovid 's Metamorphoses	247	18.32359906733664
Recruit Depot Parris	124	18.32293743006601
Yuncheng , Shanxi	174	18.32234252184329
Narada Michael Walden	129	18.321115344931012
Watanabe at Kitami	298	18.31918714604234
Speak & Spell	125	18.31115218432816
Whitechapel Bell Foundry	187	18.309830613938516
Strength and Conditioning	114	18.308630415040458
Weinan , Shaanxi	133	18.307187022851046
Partido Socialista Obrero	238	18.30599264343049
Siemens & Halske	104	18.303280457835676
Eisernen Kreuzes mit	102	18.302923516910326
Waiting to Exhale	101	18.30170550636292
Engraving and Printing	228	18.300674777753823
Lovin ' Spoonful	254	18.300383853994713
Abul Kalam Azad	115	18.300206725415737
Freiburg im Breisgau	425	18.299681870869374
Heber C. Kimball	118	18.298478156222988
Città di Castello	150	18.295746405353082
Chrétien de Troyes	199	18.29313367336964
Chatterley 's Lover	156	18.286986941878165
Lisboa e Benfica	174	18.282045071597565
Unter den Linden	211	18.281308189823886
Streetcar Named Desire	407	18.280443274927233
Rosie the Riveter	112	18.280101618745203
Ras Al Khaimah	217	18.280043531810836
Fistful of Dollars	142	18.27884784835216
Historia Regum Britanniae	250	18.27674364452441
Failed to Qualify	195	18.276065248604255
Machinist 's Mate	117	18.273301410693268
padding : 0px	128	18.260471539530112
Cagney & Lacey	131	18.260347021548572
Bonneville Salt Flats	167	18.259570403387446
Jingzhou , Hubei	103	18.258522638055734
Dimension Fortress Macross	141	18.2575269583967
BAO Schmidt CCD	568	18.256431017029158
padding-left :1 em	156	18.25412182582007
Casimir IV Jagiellon	112	18.25075635470962
Mothers Against Drunk	119	18.248354904658015
Dominique de Villepin	157	18.247195865818384
Raidió Teilifís Éireann	119	18.24705213491941
Francesca da Rimini	121	18.246513938870955
Capcom vs. SNK	114	18.246236236866068
Meech Lake Accord	229	18.243736065475826
FG , GH	515	18.242877241438997
Bayer 04 Leverkusen	204	18.24173704372534
Oral and Maxillofacial	113	18.241008985200576
Marbach , J.J.	151	18.239532128826266
viola da gamba	253	18.239442160934814
Barking and Dagenham	196	18.2386009898745
Baoji , Shaanxi	167	18.229317206864774
E\/F Super Hornet	108	18.227162791001568
Umar ibn al-Khattab	126	18.224874069601594
Abercrombie & Fitch	464	18.223007868607084
Karel van Mander	147	18.221341368417683
Toys for Tots	108	18.21944630050831
Urawa Red Diamonds	342	18.215128228737935
border-bottom : 1px	119	18.214444553206548
Majora 's Mask	166	18.21341835689422
Ngo Dinh Diem	266	18.212487278552945
Nurse With Wound	108	18.209403319529827
Tinker , Tailor	124	18.207642075369545
Cupid and Psyche	129	18.207235636573827
Keating 's Foras	117	18.20318537616827
Prints and Photographs	150	18.19980722833564
Lac La Biche	111	18.194113888557958
squamous cell carcinoma	271	18.191796199347465
Trick or Treat	108	18.191550373008
Simian Mobile Disco	117	18.18923181579025
line-height :1.5 em	180	18.188721957073405
Summa Cum Laude	222	18.18753660853453
Missing and Exploited	116	18.185951011340446
Om Shanti Om	105	18.181999835008835
Changzhi , Shanxi	102	18.181878506428752
Christoph Willibald Gluck	136	18.17374485142452
Doubles ; 3B	110	18.172229223721835
Appetite for Destruction	158	18.16762473124347
Tropic of Capricorn	221	18.164155783689267
Benicio del Toro	194	18.161112726006348
Liège -- Bastogne	179	18.158937267490725
Samson et Dalila	140	18.156613456870794
PNG crusade bot	423	18.155550729495513
Bastogne -- Liège	178	18.15221205343041
Dallas\/Fort Worth Metroplex	131	18.152195111911226
fraternities and sororities	564	18.152125826350485
Mast and Thiele	101	18.150282122527
Piero della Francesca	185	18.149121188430474
three-letter location identifier	548	18.14269587531218
spruce -LRB- Picea	115	18.126447881649124
CHO -LRB- molar	215	18.124598017732964
Premio Lo Nuestro	101	18.122328643317633
Nowy Dwór Gdański	216	18.11893664296871
Tristan und Isolde	472	18.117756159612792
Aqua Teen Hunger	325	18.115925481366073
Cheech and Chong	154	18.112636983292905
Bautista de Anza	142	18.111422686245984
Bangko Sentral ng	135	18.109152358229732
2B = Doubles	110	18.1084648100232
gays and lesbians	553	18.108076528103588
Parti Keadilan Rakyat	137	18.105755726765373
Theodor W. Adorno	106	18.105135206944574
Chemin de fer	152	18.10475292295497
Eelam -LRB- LTTE	130	18.10298864677314
Institut d'Études Politiques	110	18.101833958029935
shillings and sixpence	115	18.100672367964517
Dar es Salaam	1130	18.097642357836353
Gentlemen Prefer Blondes	152	18.097312241109645
Hampstead Garden Suburb	102	18.095750047375077
Dunes National Lakeshore	169	18.09364975875623
Text Tropang Texters	103	18.09336762473783
SB = Stolen	216	18.093292955678848
Aeronautics and Astronautics	339	18.092519021807853
Oral and Intangible	140	18.091536042652237
PCT = Winning	211	18.087494899640866
Politecnico di Milano	162	18.084573365164932
Chernykh at Nauchnyj	297	18.08083495820816
Jawahar Lal Nehru	147	18.080614527333275
Navier -- Stokes	184	18.078874519150457
Alexios I Komnenos	228	18.074521592770214
Saffir-Simpson Hurricane Scale	396	18.073589591875336
Neighborhood of Make-Believe	593	18.071390616840677
compass and straightedge	137	18.0713878904969
Dallas-Fort Worth Metroplex	170	18.07026168379229
PSA Peugeot Citroën	150	18.06981654041138
Zamorin of Calicut	130	18.069321211825454
Borac Banja Luka	141	18.066841987111562
Wallis and Futuna	379	18.063934334401655
Apertura and Clausura	198	18.06313327720121
ŠK Slovan Bratislava	130	18.062859404402584
Farrar , Straus	275	18.061656427336782
Zelda : Ocarina	109	18.05957147727924
Measure for Measure	243	18.058881203562557
Atmospheric , Geophysical	139	18.057924255207407
usercategory = Wikipedians	520	18.056812247343963
Fond du Lac	784	18.05296741086533
Harland & Wolff	245	18.052963424895488
Rapper 's Delight	104	18.05215347333236
Albrecht von Wallenstein	131	18.04851302428437
CPN -LRB- UML	158	18.044471261949383
clemenza di Tito	117	18.04080044646697
S.A. de C.V.	159	18.03864870992227
Funny Thing Happened	255	18.038449467179788
polycyclic aromatic hydrocarbon	127	18.037997418223327
Lal Bahadur Shastri	207	18.037876108565825
Nam June Paik	153	18.037793022713743
Un Certain Regard	494	18.036838722781297
LOC -RRB- Bain	146	18.03646342055738
S1 and S2	104	18.036125632655143
nieces and nephews	223	18.03539689404475
aiding and abetting	363	18.03323601890861
EastEnders : E20	114	18.032536516204107
Cáceres , Extremadura	183	18.03168351335555
Zulfiqar Ali Bhutto	250	18.029595138740373
Ra 's Lanuf	102	18.026247482194968
Mandrake the Magician	110	18.025376721285944
Ya ` qub	187	18.023382017237168
Kitts and Nevis	1095	18.023203668276036
Rushden & Diamonds	542	18.019804587832734
Khalid ibn al-Walid	161	18.017656107564793
palpi , thorax	106	18.017546674467965
Theophanes the Confessor	147	18.01675891760788
inpatient and outpatient	178	18.01166667731334
Subaru Impreza WRX	108	18.008759398769737
Tiny Mix Tapes	108	18.00847882935561
Det Norske Veritas	114	18.005214955358056
Yio Chu Kang	102	18.00454979493787
Wernher von Braun	346	18.002425294698313
Umphrey 's McGee	158	17.998592686951838
Rattle and Hum	115	17.998256654835178
Fielding H. Yost	236	17.993763570420146
Subhas Chandra Bose	292	17.993417753100605
Jabba the Hutt	233	17.99277655464539
Goblets at Henley	101	17.992502740732444
Doctrine and Covenants	368	17.991772433524023
Erich Maria Remarque	106	17.986753417913228
BB = Walks	153	17.98496866485845
Tigris and Euphrates	173	17.981482076611826
abstracted and indexed	528	17.980454975665037
Bocas del Toro	191	17.979511327923586
Heretics of Dune	115	17.979154732134955
pre-existing scripted feuds	117	17.975914552285012
Extraordinary and Plenipotentiary	469	17.974357799474486
Xianyang , Shaanxi	152	17.971676138467593
low-wing cantilever monoplane	272	17.9705575315284
Procter & Gamble	1255	17.96789283999795
Bournemouth & Boscombe	107	17.966053663402207
Choa Chu Kang	246	17.960831506318474
Cedric the Entertainer	156	17.955278633561413
Ayatollah Ruhollah Khomeini	184	17.95509452267084
Thousand Foot Krutch	118	17.954285702347484
Blocks ; PTS	143	17.9479364958501
Ak Bars Kazan	109	17.947271698847263
Keeping Up Appearances	119	17.946509036599313
Pas de Deux	154	17.945700422697094
AST = Assists	212	17.94551860222761
Tun Abdul Razak	186	17.94418230077051
subdistricts -LRB- tambon	643	17.94333532218057
maestro di cappella	328	17.941787435583258
Taoiseach Brian Cowen	113	17.937331973283275
Erich Wolfgang Korngold	130	17.93700917107866
Prisoner of Azkaban	257	17.933910785197252
Oceanic and Atmospheric	780	17.927408568623804
Misuse of Drugs	192	17.927007245645918
Jedi Mind Tricks	103	17.925928521702062
Wanna Be Startin	107	17.923757182688107
Gottfried Wilhelm Leibniz	176	17.91898673818097
Bye Bye Birdie	276	17.912020849888087
Apples in Stereo	174	17.905107662204426
Stephanus of Byzantium	140	17.904102012640795
ups and downs	882	17.903914911902206
Antigua and Barbuda	1290	17.90375265738278
Tunes and Merrie	167	17.90321554453015
Mutant Ninja Turtles	982	17.901955698942192
.338 Lapua Magnum	148	17.90097547753913
l'Automobile -LRB- FIA	146	17.900392377544403
Halle -LRB- Saale	136	17.899391093692003
Footballers ' Wives	196	17.897762764429782
Blonde on Blonde	132	17.89710693076397
Percentage , PF	115	17.895581668286297
Jean-Claude Van Damme	305	17.89397637353578
Vila do Conde	206	17.892840889471543
Cosmas and Damian	152	17.892783875556855
Louisa May Alcott	210	17.89152208498445
photovoltaic -LRB- PV	112	17.88995448288221
Zhumadian , Henan	107	17.887015471712
Quantum of Solace	326	17.884909813512344
rack and pinion	255	17.88304951121118
Goo Goo Dolls	410	17.882819772607473
Shau Kei Wan	129	17.882585507243174
Czechs and Slovaks	150	17.88059223554921
Shijiazhuang , Hebei	430	17.880110644995092
mhr : Категорий	211	17.876587831184555
Spy Who Shagged	120	17.872765319582456
Recovery and Reinvestment	471	17.872705045027725
Vuelta a España	788	17.867235478793802
4x100m Medley Relay	136	17.867111960007147
Photoshop CS3 Extended	136	17.86407855294459
Hochschule für Musik	780	17.862162501562324
Meals on Wheels	163	17.858587649866216
52nd -LRB- Lowland	143	17.8568147877534
Vinci 's Inquest	102	17.856645057957223
Hunters & Collectors	113	17.85509160059691
Harland and Wolff	362	17.851402547182072
Fédération Aéronautique Internationale	220	17.846613755992657
Ties , OTL	256	17.846370096815257
agnostic or atheist	1068	17.846195687708438
Isthmus of Tehuantepec	184	17.84498336629716
Lai Chi Kok	136	17.8445757527276
.458 Winchester Magnum	123	17.8420821585246
nom de plume	524	17.84069374801614
Palma de Mallorca	514	17.839476401861464
Tooth and Nail	160	17.839088969514258
SL = Shootout	129	17.838023687139085
Internationale de l'Automobile	199	17.83181975909432
Prisoner of Zenda	150	17.828963143150002
kg\/156 -220 lbs	117	17.827530069303172
Bam Bam Bigelow	191	17.81994553203975
Taoiseach Bertie Ahern	199	17.819658376031576
Hiroshima Toyo Carp	124	17.816452269388506
Edd n Eddy	101	17.81506490854921
MIN = Minutes	132	17.81070760726188
Clean Development Mechanism	110	17.80628817445982
Kathie Lee Gifford	115	17.80600439170038
Fédération Cynologique Internationale	244	17.80161583736295
Théâtre du Châtelet	173	17.799761564793812
Habitat for Humanity	853	17.79503080465737
Sa Re Ga	286	17.79363306136659
Wile E. Coyote	308	17.79186459376547
Kuomintang -LRB- KMT	301	17.791804448497803
Publius Cornelius Scipio	156	17.789219340703347
Atchison , Topeka	750	17.78703361597898
Valle del Cauca	346	17.783164719146193
panchayats , viz	341	17.783054986777852
Ueda and Hiroshi	249	17.782506963131027
Corinne Bailey Rae	142	17.779806326570867
Bowell at Flagstaff	176	17.779757738227183
Vasco da Gama	1401	17.77708768802334
Tears for Fears	352	17.775300705040248
Ku Klux Klan	1944	17.774429121478605
Geophysical and Astronomical	139	17.77173773765197
Ga Ma Pa	233	17.77117540921893
Owings & Merrill	150	17.770880972968893
